Client List - High-Value Buyers,,,,
"Date: February 10, 2025",,,,
Prepared By: Daniel Vega,,,,
Buyer Details,,,,
Buyer Name,Location,Contact,Purchase Status,Payment Amount
Viktor Petrov,"Moscow, Russia",v.petrov@darktrade.ru,Confirmed,100000
Hassan Al-Farsi,"Dubai, UAE",h.farsi@securemail.ae,Pending,75000
Matteo Ricci,"Milan, Italy",m.ricci@onionmail.net,Confirmed,50000
Unknown Alias,Dark Web (Tor),anonbuyer123@xyz.onion,Negotiating,???
Additional Notes,,,,
"All transactions must be conducted via cryptocurrency (BTC, Monero).",,,,
Buyers requesting live shipments must provide upfront payment.,,,,
Avoid unnecessary digital communication outside encrypted platforms.,,,,
